{"cameraMode":{"drawMode":0,"name":"Shaded","section":"Shading Mode"},"sceneLighting":false,"audioPlay":false,"sceneViewState":{"m_AlwaysRefresh":false,"showFog":true,"showSkybox":false,"showFlares":true,"showImageEffects":true,"showParticleSystems":true,"showVisualEffectGraphs":true,"m_FxEnabled":true},"in2DMode":false,"pivot":{"x":0.3709999918937683,"y":0.8420000076293945,"z":0.7509999871253967},"rotation":{"x":0.13436627388000489,"y":-0.2900790572166443,"z":0.04117460921406746,"w":0.9466290473937988},"size":0.8660253882408142,"orthographic":false}