{"cameraMode":{"drawMode":0,"name":"Shaded","section":"Shading Mode"},"sceneLighting":true,"audioPlay":false,"sceneViewState":{"m_AlwaysRefresh":false,"showFog":true,"showSkybox":false,"showFlares":true,"showImageEffects":true,"showParticleSystems":true,"showVisualEffectGraphs":true,"m_FxEnabled":true},"in2DMode":false,"pivot":{"x":0.09024716913700104,"y":0.03830805420875549,"z":0.026747018098831178},"rotation":{"x":-0.2966720759868622,"y":-0.0595429390668869,"z":0.018537117168307306,"w":-0.9529457688331604},"size":0.2760379910469055,"orthographic":false}