{"cameraMode":{"drawMode":0,"name":"Shaded","section":"Shading Mode"},"sceneLighting":false,"audioPlay":false,"sceneViewState":{"m_AlwaysRefresh":false,"showFog":true,"showSkybox":false,"showFlares":true,"showImageEffects":true,"showParticleSystems":true,"showVisualEffectGraphs":true,"m_FxEnabled":true},"in2DMode":false,"pivot":{"x":0.5148062109947205,"y":0.7403154373168945,"z":-0.5690118074417114},"rotation":{"x":-0.12394564598798752,"y":0.46663418412208559,"z":-0.06623522937297821,"w":-0.8732167482376099},"size":0.8660253882408142,"orthographic":false}