{"cameraMode":{"drawMode":0,"name":"Shaded","section":"Shading Mode"},"sceneLighting":false,"audioPlay":false,"sceneViewState":{"showFog":true,"showMaterialUpdate":false,"showSkybox":false,"showFlares":true,"showImageEffects":true,"showParticleSystems":true},"in2DMode":false,"pivot":{"x":65.32679748535156,"y":-0.5126921534538269,"z":1.4981803894042969},"rotation":{"x":0.06449458748102188,"y":-0.8929296731948853,"z":0.13581286370754243,"w":0.4246978163719177},"size":0.6925922632217407,"orthographic":false}