{"cameraMode":{"drawMode":0,"name":"Shaded","section":"Shading Mode"},"sceneLighting":false,"audioPlay":false,"sceneViewState":{"showFog":true,"showMaterialUpdate":false,"showSkybox":false,"showFlares":true,"showImageEffects":true,"showParticleSystems":true},"in2DMode":false,"pivot":{"x":-0.5546948313713074,"y":0.5952193140983582,"z":0.691650390625},"rotation":{"x":-0.08695617318153382,"y":-0.8950263857841492,"z":0.201043963432312,"w":-0.3888143002986908},"size":0.039037249982357028,"orthographic":false}