{"cameraMode":{"drawMode":0,"name":"Shaded","section":"Shading Mode"},"sceneLighting":false,"audioPlay":false,"sceneViewState":{"showFog":true,"showMaterialUpdate":false,"showSkybox":false,"showFlares":true,"showImageEffects":true,"showParticleSystems":true},"in2DMode":false,"pivot":{"x":1.9607346057891846,"y":0.7462832927703857,"z":-37.06608963012695},"rotation":{"x":-0.21087686717510224,"y":0.06855297088623047,"z":-0.014828179962933064,"w":-0.9750123620033264},"size":0.8702946305274963,"orthographic":false}