{"cameraMode":{"drawMode":0,"name":"Shaded","section":"Shading Mode"},"sceneLighting":false,"audioPlay":false,"sceneViewState":{"showFog":true,"showMaterialUpdate":false,"showSkybox":false,"showFlares":true,"showImageEffects":true,"showParticleSystems":true},"in2DMode":false,"pivot":{"x":0.8989986777305603,"y":0.9540380239486694,"z":0.809567391872406},"rotation":{"x":-0.05685434117913246,"y":0.7092260122299194,"z":-0.057572104036808017,"w":-0.7003501653671265},"size":0.2722800374031067,"orthographic":false}