{"cameraMode":{"drawMode":0,"name":"Shaded","section":"Shading Mode"},"sceneLighting":true,"audioPlay":false,"sceneViewState":{"showFog":true,"showMaterialUpdate":false,"showSkybox":false,"showFlares":true,"showImageEffects":true,"showParticleSystems":true},"in2DMode":false,"pivot":{"x":12.343668937683106,"y":0.01188741996884346,"z":-51.954708099365237},"rotation":{"x":0.20556071400642396,"y":-0.05310537666082382,"z":0.0110282888635993,"w":0.9772925972938538},"size":0.09303474426269531,"orthographic":false}