{"cameraMode":{"drawMode":0,"name":"Shaded","section":"Shading Mode"},"sceneLighting":false,"audioPlay":false,"sceneViewState":{"showFog":true,"showMaterialUpdate":false,"showSkybox":false,"showFlares":true,"showImageEffects":true,"showParticleSystems":true},"in2DMode":false,"pivot":{"x":-0.0315018929541111,"y":0.08665569871664047,"z":-0.02374236471951008},"rotation":{"x":0.2838045656681061,"y":-0.22624455392360688,"z":0.06908754259347916,"w":0.9293016791343689},"size":0.45787012577056887,"orthographic":false}