{"cameraMode":{"drawMode":0,"name":"Shaded","section":"Shading Mode"},"sceneLighting":false,"audioPlay":false,"sceneViewState":{"showFog":true,"showMaterialUpdate":false,"showSkybox":false,"showFlares":true,"showImageEffects":true,"showParticleSystems":true},"in2DMode":false,"pivot":{"x":-0.42492058873176577,"y":-0.3398886024951935,"z":-1.3708933591842652},"rotation":{"x":0.019419556483626367,"y":-0.9804489612579346,"z":0.12748661637306214,"w":0.14910578727722169},"size":1.2147960662841797,"orthographic":false}