{"cameraMode":{"drawMode":0,"name":"Shaded","section":"Shading Mode"},"sceneLighting":false,"audioPlay":false,"sceneViewState":{"showFog":true,"showMaterialUpdate":false,"showSkybox":false,"showFlares":true,"showImageEffects":true,"showParticleSystems":true},"in2DMode":false,"pivot":{"x":0.13468214869499207,"y":0.11795729398727417,"z":0.3119446039199829},"rotation":{"x":0.23363712430000306,"y":-0.5486131906509399,"z":0.1630588173866272,"w":0.7861047387123108},"size":1.0578701496124268,"orthographic":false}