{"cameraMode":{"drawMode":0,"name":"Shaded","section":"Shading Mode"},"sceneLighting":false,"audioPlay":false,"sceneViewState":{"showFog":true,"showMaterialUpdate":false,"showSkybox":false,"showFlares":true,"showImageEffects":true,"showParticleSystems":true},"in2DMode":false,"pivot":{"x":-10.890042304992676,"y":-6.792362213134766,"z":10.268473625183106},"rotation":{"x":0.1918286681175232,"y":-0.3614939749240875,"z":0.07627318054437638,"w":0.9094034433364868},"size":10.0,"orthographic":false}