{"cameraMode":{"drawMode":0,"name":"Shaded","section":"Shading Mode"},"sceneLighting":false,"audioPlay":false,"sceneViewState":{"showFog":true,"showMaterialUpdate":false,"showSkybox":false,"showFlares":true,"showImageEffects":true,"showParticleSystems":true},"in2DMode":false,"pivot":{"x":-0.1537129133939743,"y":-2.564605474472046,"z":11.599957466125489},"rotation":{"x":-0.11971394717693329,"y":0.00416439026594162,"z":-0.00050350307719782,"w":-0.9928186535835266},"size":10.0,"orthographic":false}