{"cameraMode":{"drawMode":0,"name":"Shaded","section":"Shading Mode"},"sceneLighting":true,"audioPlay":false,"sceneViewState":{"showFog":true,"showMaterialUpdate":false,"showSkybox":false,"showFlares":true,"showImageEffects":true,"showParticleSystems":true},"in2DMode":false,"pivot":{"x":0.07365798950195313,"y":-0.16039758920669557,"z":-0.06927490234375},"rotation":{"x":0.009726647287607193,"y":-0.9896409511566162,"z":0.12262549251317978,"w":0.07556677609682083},"size":1.2124356031417847,"orthographic":false}