{"cameraMode":{"drawMode":0,"name":"Shaded","section":"Shading Mode"},"sceneLighting":true,"audioPlay":false,"sceneViewState":{"showFog":true,"showMaterialUpdate":false,"showSkybox":false,"showFlares":true,"showImageEffects":true,"showParticleSystems":true},"in2DMode":false,"pivot":{"x":0.4813365042209625,"y":-1.2411925792694092,"z":-2.6427571773529054},"rotation":{"x":0.017109345644712449,"y":0.9607966542243958,"z":-0.26994457840919497,"w":0.06089641526341438},"size":2.2441816329956056,"orthographic":false}