{"cameraMode":{"drawMode":0,"name":"Shaded","section":"Shading Mode"},"sceneLighting":false,"audioPlay":false,"sceneViewState":{"showFog":true,"showMaterialUpdate":false,"showSkybox":false,"showFlares":true,"showImageEffects":true,"showParticleSystems":true},"in2DMode":false,"pivot":{"x":0.6148843169212341,"y":0.3083563446998596,"z":-0.18437178432941438},"rotation":{"x":-0.0999223068356514,"y":0.5891516208648682,"z":-0.07373300194740296,"w":-0.7984468340873718},"size":0.14571015536785127,"orthographic":false}