{"cameraMode":{"drawMode":0,"name":"Shaded","section":"Shading Mode"},"sceneLighting":false,"audioPlay":false,"sceneViewState":{"showFog":true,"showMaterialUpdate":false,"showSkybox":false,"showFlares":true,"showImageEffects":true,"showParticleSystems":true},"in2DMode":false,"pivot":{"x":0.09390000253915787,"y":0.16279999911785127,"z":0.13169999420642854},"rotation":{"x":-0.04635806754231453,"y":-0.07366005331277847,"z":0.0034270549658685924,"w":-0.9962188005447388},"size":0.044640906155109408,"orthographic":false}