{"cameraMode":{"drawMode":0,"name":"Shaded","section":"Shading Mode"},"sceneLighting":true,"audioPlay":false,"sceneViewState":{"showFog":true,"showMaterialUpdate":false,"showSkybox":true,"showFlares":true,"showImageEffects":true,"showParticleSystems":true},"in2DMode":false,"pivot":{"x":-31.168922424316408,"y":35.4705810546875,"z":-93.30498504638672},"rotation":{"x":-0.2594805359840393,"y":-0.47261449694633486,"z":0.14792606234550477,"w":-0.8291252255439758},"size":0.27603879570961,"orthographic":false}